time,algorithm,allocatedBytes,freeBytes,requiredBytes,externalFragments,percentMemoryInUse,percentMemoryFree,percentInternalFragmentation
2000,FF,36504,3496,33355,176,91,8,8
2000,NF,36240,3760,33113,203,90,9,8
2000,BF,37240,2760,34056,120,93,6,8
2000,WF,34304,5696,31265,291,85,14,8
2020,FF,32856,7144,29913,209,82,17,8
2020,NF,31512,8488,28694,300,78,21,8
2020,BF,33704,6296,30707,135,84,15,8
2020,WF,29296,10704,26621,391,73,26,9
2040,FF,2168,37832,1962,59,5,94,9
2040,NF,2168,37832,1962,58,5,94,9
2040,BF,2168,37832,1962,55,5,94,9
2040,WF,2024,37976,1834,55,5,94,9
2060,FF,0,40000,0,1,0,100,0
2060,NF,0,40000,0,1,0,100,0
2060,BF,0,40000,0,1,0,100,0
2060,WF,0,40000,0,1,0,100,0
2080,FF,0,40000,0,1,0,100,0
2080,NF,0,40000,0,1,0,100,0
2080,BF,0,40000,0,1,0,100,0
2080,WF,0,40000,0,1,0,100,0
2100,FF,0,40000,0,1,0,100,0
2100,NF,0,40000,0,1,0,100,0
2100,BF,0,40000,0,1,0,100,0
2100,WF,0,40000,0,1,0,100,0
2120,FF,0,40000,0,1,0,100,0
2120,NF,0,40000,0,1,0,100,0
2120,BF,0,40000,0,1,0,100,0
2120,WF,0,40000,0,1,0,100,0
2140,FF,0,40000,0,1,0,100,0
2140,NF,0,40000,0,1,0,100,0
2140,BF,0,40000,0,1,0,100,0
2140,WF,0,40000,0,1,0,100,0
2160,FF,0,40000,0,1,0,100,0
2160,NF,0,40000,0,1,0,100,0
2160,BF,0,40000,0,1,0,100,0
2160,WF,0,40000,0,1,0,100,0
2180,FF,0,40000,0,1,0,100,0
2180,NF,0,40000,0,1,0,100,0
2180,BF,0,40000,0,1,0,100,0
2180,WF,0,40000,0,1,0,100,0
2200,FF,0,40000,0,1,0,100,0
2200,NF,0,40000,0,1,0,100,0
2200,BF,0,40000,0,1,0,100,0
2200,WF,0,40000,0,1,0,100,0
2220,FF,0,40000,0,1,0,100,0
2220,NF,0,40000,0,1,0,100,0
2220,BF,0,40000,0,1,0,100,0
2220,WF,0,40000,0,1,0,100,0
2240,FF,0,40000,0,1,0,100,0
2240,NF,0,40000,0,1,0,100,0
2240,BF,0,40000,0,1,0,100,0
2240,WF,0,40000,0,1,0,100,0
2260,FF,0,40000,0,1,0,100,0
2260,NF,0,40000,0,1,0,100,0
2260,BF,0,40000,0,1,0,100,0
2260,WF,0,40000,0,1,0,100,0
2280,FF,0,40000,0,1,0,100,0
2280,NF,0,40000,0,1,0,100,0
2280,BF,0,40000,0,1,0,100,0
2280,WF,0,40000,0,1,0,100,0
2300,FF,0,40000,0,1,0,100,0
2300,NF,0,40000,0,1,0,100,0
2300,BF,0,40000,0,1,0,100,0
2300,WF,0,40000,0,1,0,100,0
2320,FF,0,40000,0,1,0,100,0
2320,NF,0,40000,0,1,0,100,0
2320,BF,0,40000,0,1,0,100,0
2320,WF,0,40000,0,1,0,100,0
2340,FF,0,40000,0,1,0,100,0
2340,NF,0,40000,0,1,0,100,0
2340,BF,0,40000,0,1,0,100,0
2340,WF,0,40000,0,1,0,100,0
2360,FF,0,40000,0,1,0,100,0
2360,NF,0,40000,0,1,0,100,0
2360,BF,0,40000,0,1,0,100,0
2360,WF,0,40000,0,1,0,100,0
2380,FF,0,40000,0,1,0,100,0
2380,NF,0,40000,0,1,0,100,0
2380,BF,0,40000,0,1,0,100,0
2380,WF,0,40000,0,1,0,100,0
2400,FF,0,40000,0,1,0,100,0
2400,NF,0,40000,0,1,0,100,0
2400,BF,0,40000,0,1,0,100,0
2400,WF,0,40000,0,1,0,100,0
2420,FF,0,40000,0,1,0,100,0
2420,NF,0,40000,0,1,0,100,0
2420,BF,0,40000,0,1,0,100,0
2420,WF,0,40000,0,1,0,100,0
2440,FF,0,40000,0,1,0,100,0
2440,NF,0,40000,0,1,0,100,0
2440,BF,0,40000,0,1,0,100,0
2440,WF,0,40000,0,1,0,100,0
2460,FF,0,40000,0,1,0,100,0
2460,NF,0,40000,0,1,0,100,0
2460,BF,0,40000,0,1,0,100,0
2460,WF,0,40000,0,1,0,100,0
2480,FF,0,40000,0,1,0,100,0
2480,NF,0,40000,0,1,0,100,0
2480,BF,0,40000,0,1,0,100,0
2480,WF,0,40000,0,1,0,100,0
2500,FF,0,40000,0,1,0,100,0
2500,NF,0,40000,0,1,0,100,0
2500,BF,0,40000,0,1,0,100,0
2500,WF,0,40000,0,1,0,100,0
2520,FF,0,40000,0,1,0,100,0
2520,NF,0,40000,0,1,0,100,0
2520,BF,0,40000,0,1,0,100,0
2520,WF,0,40000,0,1,0,100,0
2540,FF,0,40000,0,1,0,100,0
2540,NF,0,40000,0,1,0,100,0
2540,BF,0,40000,0,1,0,100,0
2540,WF,0,40000,0,1,0,100,0
2560,FF,0,40000,0,1,0,100,0
2560,NF,0,40000,0,1,0,100,0
2560,BF,0,40000,0,1,0,100,0
2560,WF,0,40000,0,1,0,100,0
2580,FF,0,40000,0,1,0,100,0
2580,NF,0,40000,0,1,0,100,0
2580,BF,0,40000,0,1,0,100,0
2580,WF,0,40000,0,1,0,100,0
2600,FF,0,40000,0,1,0,100,0
2600,NF,0,40000,0,1,0,100,0
2600,BF,0,40000,0,1,0,100,0
2600,WF,0,40000,0,1,0,100,0
2620,FF,0,40000,0,1,0,100,0
2620,NF,0,40000,0,1,0,100,0
2620,BF,0,40000,0,1,0,100,0
2620,WF,0,40000,0,1,0,100,0
2640,FF,0,40000,0,1,0,100,0
2640,NF,0,40000,0,1,0,100,0
2640,BF,0,40000,0,1,0,100,0
2640,WF,0,40000,0,1,0,100,0
2660,FF,0,40000,0,1,0,100,0
2660,NF,0,40000,0,1,0,100,0
2660,BF,0,40000,0,1,0,100,0
2660,WF,0,40000,0,1,0,100,0
2680,FF,0,40000,0,1,0,100,0
2680,NF,0,40000,0,1,0,100,0
2680,BF,0,40000,0,1,0,100,0
2680,WF,0,40000,0,1,0,100,0
2700,FF,0,40000,0,1,0,100,0
2700,NF,0,40000,0,1,0,100,0
2700,BF,0,40000,0,1,0,100,0
2700,WF,0,40000,0,1,0,100,0
2720,FF,0,40000,0,1,0,100,0
2720,NF,0,40000,0,1,0,100,0
2720,BF,0,40000,0,1,0,100,0
2720,WF,0,40000,0,1,0,100,0
2740,FF,0,40000,0,1,0,100,0
2740,NF,0,40000,0,1,0,100,0
2740,BF,0,40000,0,1,0,100,0
2740,WF,0,40000,0,1,0,100,0
2760,FF,0,40000,0,1,0,100,0
2760,NF,0,40000,0,1,0,100,0
2760,BF,0,40000,0,1,0,100,0
2760,WF,0,40000,0,1,0,100,0
2780,FF,0,40000,0,1,0,100,0
2780,NF,0,40000,0,1,0,100,0
2780,BF,0,40000,0,1,0,100,0
2780,WF,0,40000,0,1,0,100,0
2800,FF,0,40000,0,1,0,100,0
2800,NF,0,40000,0,1,0,100,0
2800,BF,0,40000,0,1,0,100,0
2800,WF,0,40000,0,1,0,100,0
2820,FF,0,40000,0,1,0,100,0
2820,NF,0,40000,0,1,0,100,0
2820,BF,0,40000,0,1,0,100,0
2820,WF,0,40000,0,1,0,100,0
2840,FF,0,40000,0,1,0,100,0
2840,NF,0,40000,0,1,0,100,0
2840,BF,0,40000,0,1,0,100,0
2840,WF,0,40000,0,1,0,100,0
2860,FF,0,40000,0,1,0,100,0
2860,NF,0,40000,0,1,0,100,0
2860,BF,0,40000,0,1,0,100,0
2860,WF,0,40000,0,1,0,100,0
2880,FF,0,40000,0,1,0,100,0
2880,NF,0,40000,0,1,0,100,0
2880,BF,0,40000,0,1,0,100,0
2880,WF,0,40000,0,1,0,100,0
2900,FF,0,40000,0,1,0,100,0
2900,NF,0,40000,0,1,0,100,0
2900,BF,0,40000,0,1,0,100,0
2900,WF,0,40000,0,1,0,100,0
2920,FF,0,40000,0,1,0,100,0
2920,NF,0,40000,0,1,0,100,0
2920,BF,0,40000,0,1,0,100,0
2920,WF,0,40000,0,1,0,100,0
2940,FF,0,40000,0,1,0,100,0
2940,NF,0,40000,0,1,0,100,0
2940,BF,0,40000,0,1,0,100,0
2940,WF,0,40000,0,1,0,100,0
2960,FF,0,40000,0,1,0,100,0
2960,NF,0,40000,0,1,0,100,0
2960,BF,0,40000,0,1,0,100,0
2960,WF,0,40000,0,1,0,100,0
2980,FF,0,40000,0,1,0,100,0
2980,NF,0,40000,0,1,0,100,0
2980,BF,0,40000,0,1,0,100,0
2980,WF,0,40000,0,1,0,100,0
3000,FF,0,40000,0,1,0,100,0
3000,NF,0,40000,0,1,0,100,0
3000,BF,0,40000,0,1,0,100,0
3000,WF,0,40000,0,1,0,100,0
3020,FF,0,40000,0,1,0,100,0
3020,NF,0,40000,0,1,0,100,0
3020,BF,0,40000,0,1,0,100,0
3020,WF,0,40000,0,1,0,100,0
3040,FF,0,40000,0,1,0,100,0
3040,NF,0,40000,0,1,0,100,0
3040,BF,0,40000,0,1,0,100,0
3040,WF,0,40000,0,1,0,100,0
3060,FF,0,40000,0,1,0,100,0
3060,NF,0,40000,0,1,0,100,0
3060,BF,0,40000,0,1,0,100,0
3060,WF,0,40000,0,1,0,100,0
3080,FF,0,40000,0,1,0,100,0
3080,NF,0,40000,0,1,0,100,0
3080,BF,0,40000,0,1,0,100,0
3080,WF,0,40000,0,1,0,100,0
3100,FF,0,40000,0,1,0,100,0
3100,NF,0,40000,0,1,0,100,0
3100,BF,0,40000,0,1,0,100,0
3100,WF,0,40000,0,1,0,100,0
3120,FF,0,40000,0,1,0,100,0
3120,NF,0,40000,0,1,0,100,0
3120,BF,0,40000,0,1,0,100,0
3120,WF,0,40000,0,1,0,100,0
3140,FF,0,40000,0,1,0,100,0
3140,NF,0,40000,0,1,0,100,0
3140,BF,0,40000,0,1,0,100,0
3140,WF,0,40000,0,1,0,100,0
3160,FF,0,40000,0,1,0,100,0
3160,NF,0,40000,0,1,0,100,0
3160,BF,0,40000,0,1,0,100,0
3160,WF,0,40000,0,1,0,100,0
3180,FF,0,40000,0,1,0,100,0
3180,NF,0,40000,0,1,0,100,0
3180,BF,0,40000,0,1,0,100,0
3180,WF,0,40000,0,1,0,100,0
3200,FF,0,40000,0,1,0,100,0
3200,NF,0,40000,0,1,0,100,0
3200,BF,0,40000,0,1,0,100,0
3200,WF,0,40000,0,1,0,100,0
3220,FF,0,40000,0,1,0,100,0
3220,NF,0,40000,0,1,0,100,0
3220,BF,0,40000,0,1,0,100,0
3220,WF,0,40000,0,1,0,100,0
3240,FF,0,40000,0,1,0,100,0
3240,NF,0,40000,0,1,0,100,0
3240,BF,0,40000,0,1,0,100,0
3240,WF,0,40000,0,1,0,100,0
3260,FF,0,40000,0,1,0,100,0
3260,NF,0,40000,0,1,0,100,0
3260,BF,0,40000,0,1,0,100,0
3260,WF,0,40000,0,1,0,100,0
3280,FF,0,40000,0,1,0,100,0
3280,NF,0,40000,0,1,0,100,0
3280,BF,0,40000,0,1,0,100,0
3280,WF,0,40000,0,1,0,100,0
3300,FF,0,40000,0,1,0,100,0
3300,NF,0,40000,0,1,0,100,0
3300,BF,0,40000,0,1,0,100,0
3300,WF,0,40000,0,1,0,100,0
3320,FF,0,40000,0,1,0,100,0
3320,NF,0,40000,0,1,0,100,0
3320,BF,0,40000,0,1,0,100,0
3320,WF,0,40000,0,1,0,100,0
3340,FF,0,40000,0,1,0,100,0
3340,NF,0,40000,0,1,0,100,0
3340,BF,0,40000,0,1,0,100,0
3340,WF,0,40000,0,1,0,100,0
3360,FF,0,40000,0,1,0,100,0
3360,NF,0,40000,0,1,0,100,0
3360,BF,0,40000,0,1,0,100,0
3360,WF,0,40000,0,1,0,100,0
3380,FF,0,40000,0,1,0,100,0
3380,NF,0,40000,0,1,0,100,0
3380,BF,0,40000,0,1,0,100,0
3380,WF,0,40000,0,1,0,100,0
3400,FF,0,40000,0,1,0,100,0
3400,NF,0,40000,0,1,0,100,0
3400,BF,0,40000,0,1,0,100,0
3400,WF,0,40000,0,1,0,100,0
3420,FF,0,40000,0,1,0,100,0
3420,NF,0,40000,0,1,0,100,0
3420,BF,0,40000,0,1,0,100,0
3420,WF,0,40000,0,1,0,100,0
3440,FF,0,40000,0,1,0,100,0
3440,NF,0,40000,0,1,0,100,0
3440,BF,0,40000,0,1,0,100,0
3440,WF,0,40000,0,1,0,100,0
3460,FF,0,40000,0,1,0,100,0
3460,NF,0,40000,0,1,0,100,0
3460,BF,0,40000,0,1,0,100,0
3460,WF,0,40000,0,1,0,100,0
3480,FF,0,40000,0,1,0,100,0
3480,NF,0,40000,0,1,0,100,0
3480,BF,0,40000,0,1,0,100,0
3480,WF,0,40000,0,1,0,100,0
3500,FF,0,40000,0,1,0,100,0
3500,NF,0,40000,0,1,0,100,0
3500,BF,0,40000,0,1,0,100,0
3500,WF,0,40000,0,1,0,100,0
3520,FF,0,40000,0,1,0,100,0
3520,NF,0,40000,0,1,0,100,0
3520,BF,0,40000,0,1,0,100,0
3520,WF,0,40000,0,1,0,100,0
3540,FF,0,40000,0,1,0,100,0
3540,NF,0,40000,0,1,0,100,0
3540,BF,0,40000,0,1,0,100,0
3540,WF,0,40000,0,1,0,100,0
3560,FF,0,40000,0,1,0,100,0
3560,NF,0,40000,0,1,0,100,0
3560,BF,0,40000,0,1,0,100,0
3560,WF,0,40000,0,1,0,100,0
3580,FF,0,40000,0,1,0,100,0
3580,NF,0,40000,0,1,0,100,0
3580,BF,0,40000,0,1,0,100,0
3580,WF,0,40000,0,1,0,100,0
3600,FF,0,40000,0,1,0,100,0
3600,NF,0,40000,0,1,0,100,0
3600,BF,0,40000,0,1,0,100,0
3600,WF,0,40000,0,1,0,100,0
3620,FF,0,40000,0,1,0,100,0
3620,NF,0,40000,0,1,0,100,0
3620,BF,0,40000,0,1,0,100,0
3620,WF,0,40000,0,1,0,100,0
3640,FF,0,40000,0,1,0,100,0
3640,NF,0,40000,0,1,0,100,0
3640,BF,0,40000,0,1,0,100,0
3640,WF,0,40000,0,1,0,100,0
3660,FF,0,40000,0,1,0,100,0
3660,NF,0,40000,0,1,0,100,0
3660,BF,0,40000,0,1,0,100,0
3660,WF,0,40000,0,1,0,100,0
3680,FF,0,40000,0,1,0,100,0
3680,NF,0,40000,0,1,0,100,0
3680,BF,0,40000,0,1,0,100,0
3680,WF,0,40000,0,1,0,100,0
3700,FF,0,40000,0,1,0,100,0
3700,NF,0,40000,0,1,0,100,0
3700,BF,0,40000,0,1,0,100,0
3700,WF,0,40000,0,1,0,100,0
3720,FF,0,40000,0,1,0,100,0
3720,NF,0,40000,0,1,0,100,0
3720,BF,0,40000,0,1,0,100,0
3720,WF,0,40000,0,1,0,100,0
3740,FF,0,40000,0,1,0,100,0
3740,NF,0,40000,0,1,0,100,0
3740,BF,0,40000,0,1,0,100,0
3740,WF,0,40000,0,1,0,100,0
3760,FF,0,40000,0,1,0,100,0
3760,NF,0,40000,0,1,0,100,0
3760,BF,0,40000,0,1,0,100,0
3760,WF,0,40000,0,1,0,100,0
3780,FF,0,40000,0,1,0,100,0
3780,NF,0,40000,0,1,0,100,0
3780,BF,0,40000,0,1,0,100,0
3780,WF,0,40000,0,1,0,100,0
3800,FF,0,40000,0,1,0,100,0
3800,NF,0,40000,0,1,0,100,0
3800,BF,0,40000,0,1,0,100,0
3800,WF,0,40000,0,1,0,100,0
3820,FF,0,40000,0,1,0,100,0
3820,NF,0,40000,0,1,0,100,0
3820,BF,0,40000,0,1,0,100,0
3820,WF,0,40000,0,1,0,100,0
3840,FF,0,40000,0,1,0,100,0
3840,NF,0,40000,0,1,0,100,0
3840,BF,0,40000,0,1,0,100,0
3840,WF,0,40000,0,1,0,100,0
3860,FF,0,40000,0,1,0,100,0
3860,NF,0,40000,0,1,0,100,0
3860,BF,0,40000,0,1,0,100,0
3860,WF,0,40000,0,1,0,100,0
3880,FF,0,40000,0,1,0,100,0
3880,NF,0,40000,0,1,0,100,0
3880,BF,0,40000,0,1,0,100,0
3880,WF,0,40000,0,1,0,100,0
3900,FF,0,40000,0,1,0,100,0
3900,NF,0,40000,0,1,0,100,0
3900,BF,0,40000,0,1,0,100,0
3900,WF,0,40000,0,1,0,100,0
3920,FF,0,40000,0,1,0,100,0
3920,NF,0,40000,0,1,0,100,0
3920,BF,0,40000,0,1,0,100,0
3920,WF,0,40000,0,1,0,100,0
3940,FF,0,40000,0,1,0,100,0
3940,NF,0,40000,0,1,0,100,0
3940,BF,0,40000,0,1,0,100,0
3940,WF,0,40000,0,1,0,100,0
3960,FF,0,40000,0,1,0,100,0
3960,NF,0,40000,0,1,0,100,0
3960,BF,0,40000,0,1,0,100,0
3960,WF,0,40000,0,1,0,100,0
3980,FF,0,40000,0,1,0,100,0
3980,NF,0,40000,0,1,0,100,0
3980,BF,0,40000,0,1,0,100,0
3980,WF,0,40000,0,1,0,100,0
4000,FF,0,40000,0,1,0,100,0
4000,NF,0,40000,0,1,0,100,0
4000,BF,0,40000,0,1,0,100,0
4000,WF,0,40000,0,1,0,100,0
4020,FF,0,40000,0,1,0,100,0
4020,NF,0,40000,0,1,0,100,0
4020,BF,0,40000,0,1,0,100,0
4020,WF,0,40000,0,1,0,100,0
4040,FF,0,40000,0,1,0,100,0
4040,NF,0,40000,0,1,0,100,0
4040,BF,0,40000,0,1,0,100,0
4040,WF,0,40000,0,1,0,100,0
4060,FF,0,40000,0,1,0,100,0
4060,NF,0,40000,0,1,0,100,0
4060,BF,0,40000,0,1,0,100,0
4060,WF,0,40000,0,1,0,100,0
4080,FF,0,40000,0,1,0,100,0
4080,NF,0,40000,0,1,0,100,0
4080,BF,0,40000,0,1,0,100,0
4080,WF,0,40000,0,1,0,100,0
4100,FF,0,40000,0,1,0,100,0
4100,NF,0,40000,0,1,0,100,0
4100,BF,0,40000,0,1,0,100,0
4100,WF,0,40000,0,1,0,100,0
4120,FF,0,40000,0,1,0,100,0
4120,NF,0,40000,0,1,0,100,0
4120,BF,0,40000,0,1,0,100,0
4120,WF,0,40000,0,1,0,100,0
4140,FF,0,40000,0,1,0,100,0
4140,NF,0,40000,0,1,0,100,0
4140,BF,0,40000,0,1,0,100,0
4140,WF,0,40000,0,1,0,100,0
4160,FF,0,40000,0,1,0,100,0
4160,NF,0,40000,0,1,0,100,0
4160,BF,0,40000,0,1,0,100,0
4160,WF,0,40000,0,1,0,100,0
4180,FF,0,40000,0,1,0,100,0
4180,NF,0,40000,0,1,0,100,0
4180,BF,0,40000,0,1,0,100,0
4180,WF,0,40000,0,1,0,100,0
4200,FF,0,40000,0,1,0,100,0
4200,NF,0,40000,0,1,0,100,0
4200,BF,0,40000,0,1,0,100,0
4200,WF,0,40000,0,1,0,100,0
4220,FF,0,40000,0,1,0,100,0
4220,NF,0,40000,0,1,0,100,0
4220,BF,0,40000,0,1,0,100,0
4220,WF,0,40000,0,1,0,100,0
4240,FF,0,40000,0,1,0,100,0
4240,NF,0,40000,0,1,0,100,0
4240,BF,0,40000,0,1,0,100,0
4240,WF,0,40000,0,1,0,100,0
4260,FF,0,40000,0,1,0,100,0
4260,NF,0,40000,0,1,0,100,0
4260,BF,0,40000,0,1,0,100,0
4260,WF,0,40000,0,1,0,100,0
4280,FF,0,40000,0,1,0,100,0
4280,NF,0,40000,0,1,0,100,0
4280,BF,0,40000,0,1,0,100,0
4280,WF,0,40000,0,1,0,100,0
4300,FF,0,40000,0,1,0,100,0
4300,NF,0,40000,0,1,0,100,0
4300,BF,0,40000,0,1,0,100,0
4300,WF,0,40000,0,1,0,100,0
4320,FF,0,40000,0,1,0,100,0
4320,NF,0,40000,0,1,0,100,0
4320,BF,0,40000,0,1,0,100,0
4320,WF,0,40000,0,1,0,100,0
4340,FF,0,40000,0,1,0,100,0
4340,NF,0,40000,0,1,0,100,0
4340,BF,0,40000,0,1,0,100,0
4340,WF,0,40000,0,1,0,100,0
4360,FF,0,40000,0,1,0,100,0
4360,NF,0,40000,0,1,0,100,0
4360,BF,0,40000,0,1,0,100,0
4360,WF,0,40000,0,1,0,100,0
4380,FF,0,40000,0,1,0,100,0
4380,NF,0,40000,0,1,0,100,0
4380,BF,0,40000,0,1,0,100,0
4380,WF,0,40000,0,1,0,100,0
4400,FF,0,40000,0,1,0,100,0
4400,NF,0,40000,0,1,0,100,0
4400,BF,0,40000,0,1,0,100,0
4400,WF,0,40000,0,1,0,100,0
4420,FF,0,40000,0,1,0,100,0
4420,NF,0,40000,0,1,0,100,0
4420,BF,0,40000,0,1,0,100,0
4420,WF,0,40000,0,1,0,100,0
4440,FF,0,40000,0,1,0,100,0
4440,NF,0,40000,0,1,0,100,0
4440,BF,0,40000,0,1,0,100,0
4440,WF,0,40000,0,1,0,100,0
4460,FF,0,40000,0,1,0,100,0
4460,NF,0,40000,0,1,0,100,0
4460,BF,0,40000,0,1,0,100,0
4460,WF,0,40000,0,1,0,100,0
4480,FF,0,40000,0,1,0,100,0
4480,NF,0,40000,0,1,0,100,0
4480,BF,0,40000,0,1,0,100,0
4480,WF,0,40000,0,1,0,100,0
4500,FF,0,40000,0,1,0,100,0
4500,NF,0,40000,0,1,0,100,0
4500,BF,0,40000,0,1,0,100,0
4500,WF,0,40000,0,1,0,100,0
4520,FF,0,40000,0,1,0,100,0
4520,NF,0,40000,0,1,0,100,0
4520,BF,0,40000,0,1,0,100,0
4520,WF,0,40000,0,1,0,100,0
4540,FF,0,40000,0,1,0,100,0
4540,NF,0,40000,0,1,0,100,0
4540,BF,0,40000,0,1,0,100,0
4540,WF,0,40000,0,1,0,100,0
4560,FF,0,40000,0,1,0,100,0
4560,NF,0,40000,0,1,0,100,0
4560,BF,0,40000,0,1,0,100,0
4560,WF,0,40000,0,1,0,100,0
4580,FF,0,40000,0,1,0,100,0
4580,NF,0,40000,0,1,0,100,0
4580,BF,0,40000,0,1,0,100,0
4580,WF,0,40000,0,1,0,100,0
4600,FF,0,40000,0,1,0,100,0
4600,NF,0,40000,0,1,0,100,0
4600,BF,0,40000,0,1,0,100,0
4600,WF,0,40000,0,1,0,100,0
4620,FF,0,40000,0,1,0,100,0
4620,NF,0,40000,0,1,0,100,0
4620,BF,0,40000,0,1,0,100,0
4620,WF,0,40000,0,1,0,100,0
4640,FF,0,40000,0,1,0,100,0
4640,NF,0,40000,0,1,0,100,0
4640,BF,0,40000,0,1,0,100,0
4640,WF,0,40000,0,1,0,100,0
4660,FF,0,40000,0,1,0,100,0
4660,NF,0,40000,0,1,0,100,0
4660,BF,0,40000,0,1,0,100,0
4660,WF,0,40000,0,1,0,100,0
4680,FF,0,40000,0,1,0,100,0
4680,NF,0,40000,0,1,0,100,0
4680,BF,0,40000,0,1,0,100,0
4680,WF,0,40000,0,1,0,100,0
4700,FF,0,40000,0,1,0,100,0
4700,NF,0,40000,0,1,0,100,0
4700,BF,0,40000,0,1,0,100,0
4700,WF,0,40000,0,1,0,100,0
4720,FF,0,40000,0,1,0,100,0
4720,NF,0,40000,0,1,0,100,0
4720,BF,0,40000,0,1,0,100,0
4720,WF,0,40000,0,1,0,100,0
4740,FF,0,40000,0,1,0,100,0
4740,NF,0,40000,0,1,0,100,0
4740,BF,0,40000,0,1,0,100,0
4740,WF,0,40000,0,1,0,100,0
4760,FF,0,40000,0,1,0,100,0
4760,NF,0,40000,0,1,0,100,0
4760,BF,0,40000,0,1,0,100,0
4760,WF,0,40000,0,1,0,100,0
4780,FF,0,40000,0,1,0,100,0
4780,NF,0,40000,0,1,0,100,0
4780,BF,0,40000,0,1,0,100,0
4780,WF,0,40000,0,1,0,100,0
4800,FF,0,40000,0,1,0,100,0
4800,NF,0,40000,0,1,0,100,0
4800,BF,0,40000,0,1,0,100,0
4800,WF,0,40000,0,1,0,100,0
4820,FF,0,40000,0,1,0,100,0
4820,NF,0,40000,0,1,0,100,0
4820,BF,0,40000,0,1,0,100,0
4820,WF,0,40000,0,1,0,100,0
4840,FF,0,40000,0,1,0,100,0
4840,NF,0,40000,0,1,0,100,0
4840,BF,0,40000,0,1,0,100,0
4840,WF,0,40000,0,1,0,100,0
4860,FF,0,40000,0,1,0,100,0
4860,NF,0,40000,0,1,0,100,0
4860,BF,0,40000,0,1,0,100,0
4860,WF,0,40000,0,1,0,100,0
4880,FF,0,40000,0,1,0,100,0
4880,NF,0,40000,0,1,0,100,0
4880,BF,0,40000,0,1,0,100,0
4880,WF,0,40000,0,1,0,100,0
4900,FF,0,40000,0,1,0,100,0
4900,NF,0,40000,0,1,0,100,0
4900,BF,0,40000,0,1,0,100,0
4900,WF,0,40000,0,1,0,100,0
4920,FF,0,40000,0,1,0,100,0
4920,NF,0,40000,0,1,0,100,0
4920,BF,0,40000,0,1,0,100,0
4920,WF,0,40000,0,1,0,100,0
4940,FF,0,40000,0,1,0,100,0
4940,NF,0,40000,0,1,0,100,0
4940,BF,0,40000,0,1,0,100,0
4940,WF,0,40000,0,1,0,100,0
4960,FF,0,40000,0,1,0,100,0
4960,NF,0,40000,0,1,0,100,0
4960,BF,0,40000,0,1,0,100,0
4960,WF,0,40000,0,1,0,100,0
4980,FF,0,40000,0,1,0,100,0
4980,NF,0,40000,0,1,0,100,0
4980,BF,0,40000,0,1,0,100,0
4980,WF,0,40000,0,1,0,100,0
5000,FF,0,40000,0,1,0,100,0
5000,NF,0,40000,0,1,0,100,0
5000,BF,0,40000,0,1,0,100,0
5000,WF,0,40000,0,1,0,100,0
5020,FF,0,40000,0,1,0,100,0
5020,NF,0,40000,0,1,0,100,0
5020,BF,0,40000,0,1,0,100,0
5020,WF,0,40000,0,1,0,100,0
5040,FF,0,40000,0,1,0,100,0
5040,NF,0,40000,0,1,0,100,0
5040,BF,0,40000,0,1,0,100,0
5040,WF,0,40000,0,1,0,100,0
5060,FF,0,40000,0,1,0,100,0
5060,NF,0,40000,0,1,0,100,0
5060,BF,0,40000,0,1,0,100,0
5060,WF,0,40000,0,1,0,100,0
5080,FF,0,40000,0,1,0,100,0
5080,NF,0,40000,0,1,0,100,0
5080,BF,0,40000,0,1,0,100,0
5080,WF,0,40000,0,1,0,100,0
5100,FF,0,40000,0,1,0,100,0
5100,NF,0,40000,0,1,0,100,0
5100,BF,0,40000,0,1,0,100,0
5100,WF,0,40000,0,1,0,100,0
5120,FF,0,40000,0,1,0,100,0
5120,NF,0,40000,0,1,0,100,0
5120,BF,0,40000,0,1,0,100,0
5120,WF,0,40000,0,1,0,100,0
5140,FF,0,40000,0,1,0,100,0
5140,NF,0,40000,0,1,0,100,0
5140,BF,0,40000,0,1,0,100,0
5140,WF,0,40000,0,1,0,100,0
5160,FF,0,40000,0,1,0,100,0
5160,NF,0,40000,0,1,0,100,0
5160,BF,0,40000,0,1,0,100,0
5160,WF,0,40000,0,1,0,100,0
5180,FF,0,40000,0,1,0,100,0
5180,NF,0,40000,0,1,0,100,0
5180,BF,0,40000,0,1,0,100,0
5180,WF,0,40000,0,1,0,100,0
5200,FF,0,40000,0,1,0,100,0
5200,NF,0,40000,0,1,0,100,0
5200,BF,0,40000,0,1,0,100,0
5200,WF,0,40000,0,1,0,100,0
5220,FF,0,40000,0,1,0,100,0
5220,NF,0,40000,0,1,0,100,0
5220,BF,0,40000,0,1,0,100,0
5220,WF,0,40000,0,1,0,100,0
5240,FF,0,40000,0,1,0,100,0
5240,NF,0,40000,0,1,0,100,0
5240,BF,0,40000,0,1,0,100,0
5240,WF,0,40000,0,1,0,100,0
5260,FF,0,40000,0,1,0,100,0
5260,NF,0,40000,0,1,0,100,0
5260,BF,0,40000,0,1,0,100,0
5260,WF,0,40000,0,1,0,100,0
5280,FF,0,40000,0,1,0,100,0
5280,NF,0,40000,0,1,0,100,0
5280,BF,0,40000,0,1,0,100,0
5280,WF,0,40000,0,1,0,100,0
5300,FF,0,40000,0,1,0,100,0
5300,NF,0,40000,0,1,0,100,0
5300,BF,0,40000,0,1,0,100,0
5300,WF,0,40000,0,1,0,100,0
5320,FF,0,40000,0,1,0,100,0
5320,NF,0,40000,0,1,0,100,0
5320,BF,0,40000,0,1,0,100,0
5320,WF,0,40000,0,1,0,100,0
5340,FF,0,40000,0,1,0,100,0
5340,NF,0,40000,0,1,0,100,0
5340,BF,0,40000,0,1,0,100,0
5340,WF,0,40000,0,1,0,100,0
5360,FF,0,40000,0,1,0,100,0
5360,NF,0,40000,0,1,0,100,0
5360,BF,0,40000,0,1,0,100,0
5360,WF,0,40000,0,1,0,100,0
5380,FF,0,40000,0,1,0,100,0
5380,NF,0,40000,0,1,0,100,0
5380,BF,0,40000,0,1,0,100,0
5380,WF,0,40000,0,1,0,100,0
5400,FF,0,40000,0,1,0,100,0
5400,NF,0,40000,0,1,0,100,0
5400,BF,0,40000,0,1,0,100,0
5400,WF,0,40000,0,1,0,100,0
5420,FF,0,40000,0,1,0,100,0
5420,NF,0,40000,0,1,0,100,0
5420,BF,0,40000,0,1,0,100,0
5420,WF,0,40000,0,1,0,100,0
5440,FF,0,40000,0,1,0,100,0
5440,NF,0,40000,0,1,0,100,0
5440,BF,0,40000,0,1,0,100,0
5440,WF,0,40000,0,1,0,100,0
5460,FF,0,40000,0,1,0,100,0
5460,NF,0,40000,0,1,0,100,0
5460,BF,0,40000,0,1,0,100,0
5460,WF,0,40000,0,1,0,100,0
5480,FF,0,40000,0,1,0,100,0
5480,NF,0,40000,0,1,0,100,0
5480,BF,0,40000,0,1,0,100,0
5480,WF,0,40000,0,1,0,100,0
5500,FF,0,40000,0,1,0,100,0
5500,NF,0,40000,0,1,0,100,0
5500,BF,0,40000,0,1,0,100,0
5500,WF,0,40000,0,1,0,100,0
5520,FF,0,40000,0,1,0,100,0
5520,NF,0,40000,0,1,0,100,0
5520,BF,0,40000,0,1,0,100,0
5520,WF,0,40000,0,1,0,100,0
5540,FF,0,40000,0,1,0,100,0
5540,NF,0,40000,0,1,0,100,0
5540,BF,0,40000,0,1,0,100,0
5540,WF,0,40000,0,1,0,100,0
5560,FF,0,40000,0,1,0,100,0
5560,NF,0,40000,0,1,0,100,0
5560,BF,0,40000,0,1,0,100,0
5560,WF,0,40000,0,1,0,100,0
5580,FF,0,40000,0,1,0,100,0
5580,NF,0,40000,0,1,0,100,0
5580,BF,0,40000,0,1,0,100,0
5580,WF,0,40000,0,1,0,100,0
5600,FF,0,40000,0,1,0,100,0
5600,NF,0,40000,0,1,0,100,0
5600,BF,0,40000,0,1,0,100,0
5600,WF,0,40000,0,1,0,100,0
5620,FF,0,40000,0,1,0,100,0
5620,NF,0,40000,0,1,0,100,0
5620,BF,0,40000,0,1,0,100,0
5620,WF,0,40000,0,1,0,100,0
5640,FF,0,40000,0,1,0,100,0
5640,NF,0,40000,0,1,0,100,0
5640,BF,0,40000,0,1,0,100,0
5640,WF,0,40000,0,1,0,100,0
5660,FF,0,40000,0,1,0,100,0
5660,NF,0,40000,0,1,0,100,0
5660,BF,0,40000,0,1,0,100,0
5660,WF,0,40000,0,1,0,100,0
5680,FF,0,40000,0,1,0,100,0
5680,NF,0,40000,0,1,0,100,0
5680,BF,0,40000,0,1,0,100,0
5680,WF,0,40000,0,1,0,100,0
5700,FF,0,40000,0,1,0,100,0
5700,NF,0,40000,0,1,0,100,0
5700,BF,0,40000,0,1,0,100,0
5700,WF,0,40000,0,1,0,100,0
5720,FF,0,40000,0,1,0,100,0
5720,NF,0,40000,0,1,0,100,0
5720,BF,0,40000,0,1,0,100,0
5720,WF,0,40000,0,1,0,100,0
5740,FF,0,40000,0,1,0,100,0
5740,NF,0,40000,0,1,0,100,0
5740,BF,0,40000,0,1,0,100,0
5740,WF,0,40000,0,1,0,100,0
5760,FF,0,40000,0,1,0,100,0
5760,NF,0,40000,0,1,0,100,0
5760,BF,0,40000,0,1,0,100,0
5760,WF,0,40000,0,1,0,100,0
5780,FF,0,40000,0,1,0,100,0
5780,NF,0,40000,0,1,0,100,0
5780,BF,0,40000,0,1,0,100,0
5780,WF,0,40000,0,1,0,100,0
5800,FF,0,40000,0,1,0,100,0
5800,NF,0,40000,0,1,0,100,0
5800,BF,0,40000,0,1,0,100,0
5800,WF,0,40000,0,1,0,100,0
5820,FF,0,40000,0,1,0,100,0
5820,NF,0,40000,0,1,0,100,0
5820,BF,0,40000,0,1,0,100,0
5820,WF,0,40000,0,1,0,100,0
5840,FF,0,40000,0,1,0,100,0
5840,NF,0,40000,0,1,0,100,0
5840,BF,0,40000,0,1,0,100,0
5840,WF,0,40000,0,1,0,100,0
5860,FF,0,40000,0,1,0,100,0
5860,NF,0,40000,0,1,0,100,0
5860,BF,0,40000,0,1,0,100,0
5860,WF,0,40000,0,1,0,100,0
5880,FF,0,40000,0,1,0,100,0
5880,NF,0,40000,0,1,0,100,0
5880,BF,0,40000,0,1,0,100,0
5880,WF,0,40000,0,1,0,100,0
5900,FF,0,40000,0,1,0,100,0
5900,NF,0,40000,0,1,0,100,0
5900,BF,0,40000,0,1,0,100,0
5900,WF,0,40000,0,1,0,100,0
5920,FF,0,40000,0,1,0,100,0
5920,NF,0,40000,0,1,0,100,0
5920,BF,0,40000,0,1,0,100,0
5920,WF,0,40000,0,1,0,100,0
5940,FF,0,40000,0,1,0,100,0
5940,NF,0,40000,0,1,0,100,0
5940,BF,0,40000,0,1,0,100,0
5940,WF,0,40000,0,1,0,100,0
5960,FF,0,40000,0,1,0,100,0
5960,NF,0,40000,0,1,0,100,0
5960,BF,0,40000,0,1,0,100,0
5960,WF,0,40000,0,1,0,100,0
5980,FF,0,40000,0,1,0,100,0
5980,NF,0,40000,0,1,0,100,0
5980,BF,0,40000,0,1,0,100,0
5980,WF,0,40000,0,1,0,100,0
6000,FF,0,40000,0,1,0,100,0
6000,NF,0,40000,0,1,0,100,0
6000,BF,0,40000,0,1,0,100,0
6000,WF,0,40000,0,1,0,100,0
6020,FF,0,40000,0,1,0,100,0
6020,NF,0,40000,0,1,0,100,0
6020,BF,0,40000,0,1,0,100,0
6020,WF,0,40000,0,1,0,100,0
6040,FF,0,40000,0,1,0,100,0
6040,NF,0,40000,0,1,0,100,0
6040,BF,0,40000,0,1,0,100,0
6040,WF,0,40000,0,1,0,100,0
6060,FF,0,40000,0,1,0,100,0
6060,NF,0,40000,0,1,0,100,0
6060,BF,0,40000,0,1,0,100,0
6060,WF,0,40000,0,1,0,100,0
6080,FF,0,40000,0,1,0,100,0
6080,NF,0,40000,0,1,0,100,0
6080,BF,0,40000,0,1,0,100,0
6080,WF,0,40000,0,1,0,100,0
6100,FF,0,40000,0,1,0,100,0
6100,NF,0,40000,0,1,0,100,0
6100,BF,0,40000,0,1,0,100,0
6100,WF,0,40000,0,1,0,100,0
6120,FF,0,40000,0,1,0,100,0
6120,NF,0,40000,0,1,0,100,0
6120,BF,0,40000,0,1,0,100,0
6120,WF,0,40000,0,1,0,100,0
6140,FF,0,40000,0,1,0,100,0
6140,NF,0,40000,0,1,0,100,0
6140,BF,0,40000,0,1,0,100,0
6140,WF,0,40000,0,1,0,100,0
6160,FF,0,40000,0,1,0,100,0
6160,NF,0,40000,0,1,0,100,0
6160,BF,0,40000,0,1,0,100,0
6160,WF,0,40000,0,1,0,100,0
6180,FF,0,40000,0,1,0,100,0
6180,NF,0,40000,0,1,0,100,0
6180,BF,0,40000,0,1,0,100,0
6180,WF,0,40000,0,1,0,100,0
6200,FF,0,40000,0,1,0,100,0
6200,NF,0,40000,0,1,0,100,0
6200,BF,0,40000,0,1,0,100,0
6200,WF,0,40000,0,1,0,100,0
6220,FF,0,40000,0,1,0,100,0
6220,NF,0,40000,0,1,0,100,0
6220,BF,0,40000,0,1,0,100,0
6220,WF,0,40000,0,1,0,100,0
6240,FF,0,40000,0,1,0,100,0
6240,NF,0,40000,0,1,0,100,0
6240,BF,0,40000,0,1,0,100,0
6240,WF,0,40000,0,1,0,100,0
6260,FF,0,40000,0,1,0,100,0
6260,NF,0,40000,0,1,0,100,0
6260,BF,0,40000,0,1,0,100,0
6260,WF,0,40000,0,1,0,100,0
6280,FF,0,40000,0,1,0,100,0
6280,NF,0,40000,0,1,0,100,0
6280,BF,0,40000,0,1,0,100,0
6280,WF,0,40000,0,1,0,100,0
6300,FF,0,40000,0,1,0,100,0
6300,NF,0,40000,0,1,0,100,0
6300,BF,0,40000,0,1,0,100,0
6300,WF,0,40000,0,1,0,100,0
6320,FF,0,40000,0,1,0,100,0
6320,NF,0,40000,0,1,0,100,0
6320,BF,0,40000,0,1,0,100,0
6320,WF,0,40000,0,1,0,100,0
6340,FF,0,40000,0,1,0,100,0
6340,NF,0,40000,0,1,0,100,0
6340,BF,0,40000,0,1,0,100,0
6340,WF,0,40000,0,1,0,100,0
6360,FF,0,40000,0,1,0,100,0
6360,NF,0,40000,0,1,0,100,0
6360,BF,0,40000,0,1,0,100,0
6360,WF,0,40000,0,1,0,100,0
6380,FF,0,40000,0,1,0,100,0
6380,NF,0,40000,0,1,0,100,0
6380,BF,0,40000,0,1,0,100,0
6380,WF,0,40000,0,1,0,100,0
6400,FF,0,40000,0,1,0,100,0
6400,NF,0,40000,0,1,0,100,0
6400,BF,0,40000,0,1,0,100,0
6400,WF,0,40000,0,1,0,100,0
6420,FF,0,40000,0,1,0,100,0
6420,NF,0,40000,0,1,0,100,0
6420,BF,0,40000,0,1,0,100,0
6420,WF,0,40000,0,1,0,100,0
6440,FF,0,40000,0,1,0,100,0
6440,NF,0,40000,0,1,0,100,0
6440,BF,0,40000,0,1,0,100,0
6440,WF,0,40000,0,1,0,100,0
6460,FF,0,40000,0,1,0,100,0
6460,NF,0,40000,0,1,0,100,0
6460,BF,0,40000,0,1,0,100,0
6460,WF,0,40000,0,1,0,100,0
6480,FF,0,40000,0,1,0,100,0
6480,NF,0,40000,0,1,0,100,0
6480,BF,0,40000,0,1,0,100,0
6480,WF,0,40000,0,1,0,100,0
6500,FF,0,40000,0,1,0,100,0
6500,NF,0,40000,0,1,0,100,0
6500,BF,0,40000,0,1,0,100,0
6500,WF,0,40000,0,1,0,100,0
6520,FF,0,40000,0,1,0,100,0
6520,NF,0,40000,0,1,0,100,0
6520,BF,0,40000,0,1,0,100,0
6520,WF,0,40000,0,1,0,100,0
6540,FF,0,40000,0,1,0,100,0
6540,NF,0,40000,0,1,0,100,0
6540,BF,0,40000,0,1,0,100,0
6540,WF,0,40000,0,1,0,100,0
6560,FF,0,40000,0,1,0,100,0
6560,NF,0,40000,0,1,0,100,0
6560,BF,0,40000,0,1,0,100,0
6560,WF,0,40000,0,1,0,100,0
6580,FF,0,40000,0,1,0,100,0
6580,NF,0,40000,0,1,0,100,0
6580,BF,0,40000,0,1,0,100,0
6580,WF,0,40000,0,1,0,100,0
6600,FF,0,40000,0,1,0,100,0
6600,NF,0,40000,0,1,0,100,0
6600,BF,0,40000,0,1,0,100,0
6600,WF,0,40000,0,1,0,100,0
6620,FF,0,40000,0,1,0,100,0
6620,NF,0,40000,0,1,0,100,0
6620,BF,0,40000,0,1,0,100,0
6620,WF,0,40000,0,1,0,100,0
6640,FF,0,40000,0,1,0,100,0
6640,NF,0,40000,0,1,0,100,0
6640,BF,0,40000,0,1,0,100,0
6640,WF,0,40000,0,1,0,100,0
6660,FF,0,40000,0,1,0,100,0
6660,NF,0,40000,0,1,0,100,0
6660,BF,0,40000,0,1,0,100,0
6660,WF,0,40000,0,1,0,100,0
6680,FF,0,40000,0,1,0,100,0
6680,NF,0,40000,0,1,0,100,0
6680,BF,0,40000,0,1,0,100,0
6680,WF,0,40000,0,1,0,100,0
6700,FF,0,40000,0,1,0,100,0
6700,NF,0,40000,0,1,0,100,0
6700,BF,0,40000,0,1,0,100,0
6700,WF,0,40000,0,1,0,100,0
6720,FF,0,40000,0,1,0,100,0
6720,NF,0,40000,0,1,0,100,0
6720,BF,0,40000,0,1,0,100,0
6720,WF,0,40000,0,1,0,100,0
6740,FF,0,40000,0,1,0,100,0
6740,NF,0,40000,0,1,0,100,0
6740,BF,0,40000,0,1,0,100,0
6740,WF,0,40000,0,1,0,100,0
6760,FF,0,40000,0,1,0,100,0
6760,NF,0,40000,0,1,0,100,0
6760,BF,0,40000,0,1,0,100,0
6760,WF,0,40000,0,1,0,100,0
6780,FF,0,40000,0,1,0,100,0
6780,NF,0,40000,0,1,0,100,0
6780,BF,0,40000,0,1,0,100,0
6780,WF,0,40000,0,1,0,100,0
6800,FF,0,40000,0,1,0,100,0
6800,NF,0,40000,0,1,0,100,0
6800,BF,0,40000,0,1,0,100,0
6800,WF,0,40000,0,1,0,100,0
6820,FF,0,40000,0,1,0,100,0
6820,NF,0,40000,0,1,0,100,0
6820,BF,0,40000,0,1,0,100,0
6820,WF,0,40000,0,1,0,100,0
6840,FF,0,40000,0,1,0,100,0
6840,NF,0,40000,0,1,0,100,0
6840,BF,0,40000,0,1,0,100,0
6840,WF,0,40000,0,1,0,100,0
6860,FF,0,40000,0,1,0,100,0
6860,NF,0,40000,0,1,0,100,0
6860,BF,0,40000,0,1,0,100,0
6860,WF,0,40000,0,1,0,100,0
6880,FF,0,40000,0,1,0,100,0
6880,NF,0,40000,0,1,0,100,0
6880,BF,0,40000,0,1,0,100,0
6880,WF,0,40000,0,1,0,100,0
6900,FF,0,40000,0,1,0,100,0
6900,NF,0,40000,0,1,0,100,0
6900,BF,0,40000,0,1,0,100,0
6900,WF,0,40000,0,1,0,100,0
6920,FF,0,40000,0,1,0,100,0
6920,NF,0,40000,0,1,0,100,0
6920,BF,0,40000,0,1,0,100,0
6920,WF,0,40000,0,1,0,100,0
6940,FF,0,40000,0,1,0,100,0
6940,NF,0,40000,0,1,0,100,0
6940,BF,0,40000,0,1,0,100,0
6940,WF,0,40000,0,1,0,100,0
6960,FF,0,40000,0,1,0,100,0
6960,NF,0,40000,0,1,0,100,0
6960,BF,0,40000,0,1,0,100,0
6960,WF,0,40000,0,1,0,100,0
6980,FF,0,40000,0,1,0,100,0
6980,NF,0,40000,0,1,0,100,0
6980,BF,0,40000,0,1,0,100,0
6980,WF,0,40000,0,1,0,100,0
7000,FF,0,40000,0,1,0,100,0
7000,NF,0,40000,0,1,0,100,0
7000,BF,0,40000,0,1,0,100,0
7000,WF,0,40000,0,1,0,100,0
7020,FF,0,40000,0,1,0,100,0
7020,NF,0,40000,0,1,0,100,0
7020,BF,0,40000,0,1,0,100,0
7020,WF,0,40000,0,1,0,100,0
7040,FF,0,40000,0,1,0,100,0
7040,NF,0,40000,0,1,0,100,0
7040,BF,0,40000,0,1,0,100,0
7040,WF,0,40000,0,1,0,100,0
7060,FF,0,40000,0,1,0,100,0
7060,NF,0,40000,0,1,0,100,0
7060,BF,0,40000,0,1,0,100,0
7060,WF,0,40000,0,1,0,100,0
7080,FF,0,40000,0,1,0,100,0
7080,NF,0,40000,0,1,0,100,0
7080,BF,0,40000,0,1,0,100,0
7080,WF,0,40000,0,1,0,100,0
7100,FF,0,40000,0,1,0,100,0
7100,NF,0,40000,0,1,0,100,0
7100,BF,0,40000,0,1,0,100,0
7100,WF,0,40000,0,1,0,100,0
7120,FF,0,40000,0,1,0,100,0
7120,NF,0,40000,0,1,0,100,0
7120,BF,0,40000,0,1,0,100,0
7120,WF,0,40000,0,1,0,100,0
7140,FF,0,40000,0,1,0,100,0
7140,NF,0,40000,0,1,0,100,0
7140,BF,0,40000,0,1,0,100,0
7140,WF,0,40000,0,1,0,100,0
7160,FF,0,40000,0,1,0,100,0
7160,NF,0,40000,0,1,0,100,0
7160,BF,0,40000,0,1,0,100,0
7160,WF,0,40000,0,1,0,100,0
7180,FF,0,40000,0,1,0,100,0
7180,NF,0,40000,0,1,0,100,0
7180,BF,0,40000,0,1,0,100,0
7180,WF,0,40000,0,1,0,100,0
7200,FF,0,40000,0,1,0,100,0
7200,NF,0,40000,0,1,0,100,0
7200,BF,0,40000,0,1,0,100,0
7200,WF,0,40000,0,1,0,100,0
7220,FF,0,40000,0,1,0,100,0
7220,NF,0,40000,0,1,0,100,0
7220,BF,0,40000,0,1,0,100,0
7220,WF,0,40000,0,1,0,100,0
7240,FF,0,40000,0,1,0,100,0
7240,NF,0,40000,0,1,0,100,0
7240,BF,0,40000,0,1,0,100,0
7240,WF,0,40000,0,1,0,100,0
7260,FF,0,40000,0,1,0,100,0
7260,NF,0,40000,0,1,0,100,0
7260,BF,0,40000,0,1,0,100,0
7260,WF,0,40000,0,1,0,100,0
7280,FF,0,40000,0,1,0,100,0
7280,NF,0,40000,0,1,0,100,0
7280,BF,0,40000,0,1,0,100,0
7280,WF,0,40000,0,1,0,100,0
7300,FF,0,40000,0,1,0,100,0
7300,NF,0,40000,0,1,0,100,0
7300,BF,0,40000,0,1,0,100,0
7300,WF,0,40000,0,1,0,100,0
7320,FF,0,40000,0,1,0,100,0
7320,NF,0,40000,0,1,0,100,0
7320,BF,0,40000,0,1,0,100,0
7320,WF,0,40000,0,1,0,100,0
7340,FF,0,40000,0,1,0,100,0
7340,NF,0,40000,0,1,0,100,0
7340,BF,0,40000,0,1,0,100,0
7340,WF,0,40000,0,1,0,100,0
7360,FF,0,40000,0,1,0,100,0
7360,NF,0,40000,0,1,0,100,0
7360,BF,0,40000,0,1,0,100,0
7360,WF,0,40000,0,1,0,100,0
7380,FF,0,40000,0,1,0,100,0
7380,NF,0,40000,0,1,0,100,0
7380,BF,0,40000,0,1,0,100,0
7380,WF,0,40000,0,1,0,100,0
7400,FF,0,40000,0,1,0,100,0
7400,NF,0,40000,0,1,0,100,0
7400,BF,0,40000,0,1,0,100,0
7400,WF,0,40000,0,1,0,100,0
7420,FF,0,40000,0,1,0,100,0
7420,NF,0,40000,0,1,0,100,0
7420,BF,0,40000,0,1,0,100,0
7420,WF,0,40000,0,1,0,100,0
7440,FF,0,40000,0,1,0,100,0
7440,NF,0,40000,0,1,0,100,0
7440,BF,0,40000,0,1,0,100,0
7440,WF,0,40000,0,1,0,100,0
7460,FF,0,40000,0,1,0,100,0
7460,NF,0,40000,0,1,0,100,0
7460,BF,0,40000,0,1,0,100,0
7460,WF,0,40000,0,1,0,100,0
7480,FF,0,40000,0,1,0,100,0
7480,NF,0,40000,0,1,0,100,0
7480,BF,0,40000,0,1,0,100,0
7480,WF,0,40000,0,1,0,100,0
7500,FF,0,40000,0,1,0,100,0
7500,NF,0,40000,0,1,0,100,0
7500,BF,0,40000,0,1,0,100,0
7500,WF,0,40000,0,1,0,100,0
7520,FF,0,40000,0,1,0,100,0
7520,NF,0,40000,0,1,0,100,0
7520,BF,0,40000,0,1,0,100,0
7520,WF,0,40000,0,1,0,100,0
7540,FF,0,40000,0,1,0,100,0
7540,NF,0,40000,0,1,0,100,0
7540,BF,0,40000,0,1,0,100,0
7540,WF,0,40000,0,1,0,100,0
7560,FF,0,40000,0,1,0,100,0
7560,NF,0,40000,0,1,0,100,0
7560,BF,0,40000,0,1,0,100,0
7560,WF,0,40000,0,1,0,100,0
7580,FF,0,40000,0,1,0,100,0
7580,NF,0,40000,0,1,0,100,0
7580,BF,0,40000,0,1,0,100,0
7580,WF,0,40000,0,1,0,100,0
7600,FF,0,40000,0,1,0,100,0
7600,NF,0,40000,0,1,0,100,0
7600,BF,0,40000,0,1,0,100,0
7600,WF,0,40000,0,1,0,100,0
7620,FF,0,40000,0,1,0,100,0
7620,NF,0,40000,0,1,0,100,0
7620,BF,0,40000,0,1,0,100,0
7620,WF,0,40000,0,1,0,100,0
7640,FF,0,40000,0,1,0,100,0
7640,NF,0,40000,0,1,0,100,0
7640,BF,0,40000,0,1,0,100,0
7640,WF,0,40000,0,1,0,100,0
7660,FF,0,40000,0,1,0,100,0
7660,NF,0,40000,0,1,0,100,0
7660,BF,0,40000,0,1,0,100,0
7660,WF,0,40000,0,1,0,100,0
7680,FF,0,40000,0,1,0,100,0
7680,NF,0,40000,0,1,0,100,0
7680,BF,0,40000,0,1,0,100,0
7680,WF,0,40000,0,1,0,100,0
7700,FF,0,40000,0,1,0,100,0
7700,NF,0,40000,0,1,0,100,0
7700,BF,0,40000,0,1,0,100,0
7700,WF,0,40000,0,1,0,100,0
7720,FF,0,40000,0,1,0,100,0
7720,NF,0,40000,0,1,0,100,0
7720,BF,0,40000,0,1,0,100,0
7720,WF,0,40000,0,1,0,100,0
7740,FF,0,40000,0,1,0,100,0
7740,NF,0,40000,0,1,0,100,0
7740,BF,0,40000,0,1,0,100,0
7740,WF,0,40000,0,1,0,100,0
7760,FF,0,40000,0,1,0,100,0
7760,NF,0,40000,0,1,0,100,0
7760,BF,0,40000,0,1,0,100,0
7760,WF,0,40000,0,1,0,100,0
7780,FF,0,40000,0,1,0,100,0
7780,NF,0,40000,0,1,0,100,0
7780,BF,0,40000,0,1,0,100,0
7780,WF,0,40000,0,1,0,100,0
7800,FF,0,40000,0,1,0,100,0
7800,NF,0,40000,0,1,0,100,0
7800,BF,0,40000,0,1,0,100,0
7800,WF,0,40000,0,1,0,100,0
7820,FF,0,40000,0,1,0,100,0
7820,NF,0,40000,0,1,0,100,0
7820,BF,0,40000,0,1,0,100,0
7820,WF,0,40000,0,1,0,100,0
7840,FF,0,40000,0,1,0,100,0
7840,NF,0,40000,0,1,0,100,0
7840,BF,0,40000,0,1,0,100,0
7840,WF,0,40000,0,1,0,100,0
7860,FF,0,40000,0,1,0,100,0
7860,NF,0,40000,0,1,0,100,0
7860,BF,0,40000,0,1,0,100,0
7860,WF,0,40000,0,1,0,100,0
7880,FF,0,40000,0,1,0,100,0
7880,NF,0,40000,0,1,0,100,0
7880,BF,0,40000,0,1,0,100,0
7880,WF,0,40000,0,1,0,100,0
7900,FF,0,40000,0,1,0,100,0
7900,NF,0,40000,0,1,0,100,0
7900,BF,0,40000,0,1,0,100,0
7900,WF,0,40000,0,1,0,100,0
7920,FF,0,40000,0,1,0,100,0
7920,NF,0,40000,0,1,0,100,0
7920,BF,0,40000,0,1,0,100,0
7920,WF,0,40000,0,1,0,100,0
7940,FF,0,40000,0,1,0,100,0
7940,NF,0,40000,0,1,0,100,0
7940,BF,0,40000,0,1,0,100,0
7940,WF,0,40000,0,1,0,100,0
7960,FF,0,40000,0,1,0,100,0
7960,NF,0,40000,0,1,0,100,0
7960,BF,0,40000,0,1,0,100,0
7960,WF,0,40000,0,1,0,100,0
7980,FF,0,40000,0,1,0,100,0
7980,NF,0,40000,0,1,0,100,0
7980,BF,0,40000,0,1,0,100,0
7980,WF,0,40000,0,1,0,100,0
8000,FF,0,40000,0,1,0,100,0
8000,NF,0,40000,0,1,0,100,0
8000,BF,0,40000,0,1,0,100,0
8000,WF,0,40000,0,1,0,100,0
8020,FF,0,40000,0,1,0,100,0
8020,NF,0,40000,0,1,0,100,0
8020,BF,0,40000,0,1,0,100,0
8020,WF,0,40000,0,1,0,100,0
8040,FF,0,40000,0,1,0,100,0
8040,NF,0,40000,0,1,0,100,0
8040,BF,0,40000,0,1,0,100,0
8040,WF,0,40000,0,1,0,100,0
8060,FF,0,40000,0,1,0,100,0
8060,NF,0,40000,0,1,0,100,0
8060,BF,0,40000,0,1,0,100,0
8060,WF,0,40000,0,1,0,100,0
8080,FF,0,40000,0,1,0,100,0
8080,NF,0,40000,0,1,0,100,0
8080,BF,0,40000,0,1,0,100,0
8080,WF,0,40000,0,1,0,100,0
8100,FF,0,40000,0,1,0,100,0
8100,NF,0,40000,0,1,0,100,0
8100,BF,0,40000,0,1,0,100,0
8100,WF,0,40000,0,1,0,100,0
8120,FF,0,40000,0,1,0,100,0
8120,NF,0,40000,0,1,0,100,0
8120,BF,0,40000,0,1,0,100,0
8120,WF,0,40000,0,1,0,100,0
8140,FF,0,40000,0,1,0,100,0
8140,NF,0,40000,0,1,0,100,0
8140,BF,0,40000,0,1,0,100,0
8140,WF,0,40000,0,1,0,100,0
8160,FF,0,40000,0,1,0,100,0
8160,NF,0,40000,0,1,0,100,0
8160,BF,0,40000,0,1,0,100,0
8160,WF,0,40000,0,1,0,100,0
8180,FF,0,40000,0,1,0,100,0
8180,NF,0,40000,0,1,0,100,0
8180,BF,0,40000,0,1,0,100,0
8180,WF,0,40000,0,1,0,100,0
8200,FF,0,40000,0,1,0,100,0
8200,NF,0,40000,0,1,0,100,0
8200,BF,0,40000,0,1,0,100,0
8200,WF,0,40000,0,1,0,100,0
8220,FF,0,40000,0,1,0,100,0
8220,NF,0,40000,0,1,0,100,0
8220,BF,0,40000,0,1,0,100,0
8220,WF,0,40000,0,1,0,100,0
8240,FF,0,40000,0,1,0,100,0
8240,NF,0,40000,0,1,0,100,0
8240,BF,0,40000,0,1,0,100,0
8240,WF,0,40000,0,1,0,100,0
8260,FF,0,40000,0,1,0,100,0
8260,NF,0,40000,0,1,0,100,0
8260,BF,0,40000,0,1,0,100,0
8260,WF,0,40000,0,1,0,100,0
8280,FF,0,40000,0,1,0,100,0
8280,NF,0,40000,0,1,0,100,0
8280,BF,0,40000,0,1,0,100,0
8280,WF,0,40000,0,1,0,100,0
8300,FF,0,40000,0,1,0,100,0
8300,NF,0,40000,0,1,0,100,0
8300,BF,0,40000,0,1,0,100,0
8300,WF,0,40000,0,1,0,100,0
8320,FF,0,40000,0,1,0,100,0
8320,NF,0,40000,0,1,0,100,0
8320,BF,0,40000,0,1,0,100,0
8320,WF,0,40000,0,1,0,100,0
8340,FF,0,40000,0,1,0,100,0
8340,NF,0,40000,0,1,0,100,0
8340,BF,0,40000,0,1,0,100,0
8340,WF,0,40000,0,1,0,100,0
8360,FF,0,40000,0,1,0,100,0
8360,NF,0,40000,0,1,0,100,0
8360,BF,0,40000,0,1,0,100,0
8360,WF,0,40000,0,1,0,100,0
8380,FF,0,40000,0,1,0,100,0
8380,NF,0,40000,0,1,0,100,0
8380,BF,0,40000,0,1,0,100,0
8380,WF,0,40000,0,1,0,100,0
8400,FF,0,40000,0,1,0,100,0
8400,NF,0,40000,0,1,0,100,0
8400,BF,0,40000,0,1,0,100,0
8400,WF,0,40000,0,1,0,100,0
8420,FF,0,40000,0,1,0,100,0
8420,NF,0,40000,0,1,0,100,0
8420,BF,0,40000,0,1,0,100,0
8420,WF,0,40000,0,1,0,100,0
8440,FF,0,40000,0,1,0,100,0
8440,NF,0,40000,0,1,0,100,0
8440,BF,0,40000,0,1,0,100,0
8440,WF,0,40000,0,1,0,100,0
8460,FF,0,40000,0,1,0,100,0
8460,NF,0,40000,0,1,0,100,0
8460,BF,0,40000,0,1,0,100,0
8460,WF,0,40000,0,1,0,100,0
8480,FF,0,40000,0,1,0,100,0
8480,NF,0,40000,0,1,0,100,0
8480,BF,0,40000,0,1,0,100,0
8480,WF,0,40000,0,1,0,100,0
8500,FF,0,40000,0,1,0,100,0
8500,NF,0,40000,0,1,0,100,0
8500,BF,0,40000,0,1,0,100,0
8500,WF,0,40000,0,1,0,100,0
8520,FF,0,40000,0,1,0,100,0
8520,NF,0,40000,0,1,0,100,0
8520,BF,0,40000,0,1,0,100,0
8520,WF,0,40000,0,1,0,100,0
8540,FF,0,40000,0,1,0,100,0
8540,NF,0,40000,0,1,0,100,0
8540,BF,0,40000,0,1,0,100,0
8540,WF,0,40000,0,1,0,100,0
8560,FF,0,40000,0,1,0,100,0
8560,NF,0,40000,0,1,0,100,0
8560,BF,0,40000,0,1,0,100,0
8560,WF,0,40000,0,1,0,100,0
8580,FF,0,40000,0,1,0,100,0
8580,NF,0,40000,0,1,0,100,0
8580,BF,0,40000,0,1,0,100,0
8580,WF,0,40000,0,1,0,100,0
8600,FF,0,40000,0,1,0,100,0
8600,NF,0,40000,0,1,0,100,0
8600,BF,0,40000,0,1,0,100,0
8600,WF,0,40000,0,1,0,100,0
8620,FF,0,40000,0,1,0,100,0
8620,NF,0,40000,0,1,0,100,0
8620,BF,0,40000,0,1,0,100,0
8620,WF,0,40000,0,1,0,100,0
8640,FF,0,40000,0,1,0,100,0
8640,NF,0,40000,0,1,0,100,0
8640,BF,0,40000,0,1,0,100,0
8640,WF,0,40000,0,1,0,100,0
8660,FF,0,40000,0,1,0,100,0
8660,NF,0,40000,0,1,0,100,0
8660,BF,0,40000,0,1,0,100,0
8660,WF,0,40000,0,1,0,100,0
8680,FF,0,40000,0,1,0,100,0
8680,NF,0,40000,0,1,0,100,0
8680,BF,0,40000,0,1,0,100,0
8680,WF,0,40000,0,1,0,100,0
8700,FF,0,40000,0,1,0,100,0
8700,NF,0,40000,0,1,0,100,0
8700,BF,0,40000,0,1,0,100,0
8700,WF,0,40000,0,1,0,100,0
8720,FF,0,40000,0,1,0,100,0
8720,NF,0,40000,0,1,0,100,0
8720,BF,0,40000,0,1,0,100,0
8720,WF,0,40000,0,1,0,100,0
8740,FF,0,40000,0,1,0,100,0
8740,NF,0,40000,0,1,0,100,0
8740,BF,0,40000,0,1,0,100,0
8740,WF,0,40000,0,1,0,100,0
8760,FF,0,40000,0,1,0,100,0
8760,NF,0,40000,0,1,0,100,0
8760,BF,0,40000,0,1,0,100,0
8760,WF,0,40000,0,1,0,100,0
8780,FF,0,40000,0,1,0,100,0
8780,NF,0,40000,0,1,0,100,0
8780,BF,0,40000,0,1,0,100,0
8780,WF,0,40000,0,1,0,100,0
8800,FF,0,40000,0,1,0,100,0
8800,NF,0,40000,0,1,0,100,0
8800,BF,0,40000,0,1,0,100,0
8800,WF,0,40000,0,1,0,100,0
8820,FF,0,40000,0,1,0,100,0
8820,NF,0,40000,0,1,0,100,0
8820,BF,0,40000,0,1,0,100,0
8820,WF,0,40000,0,1,0,100,0
8840,FF,0,40000,0,1,0,100,0
8840,NF,0,40000,0,1,0,100,0
8840,BF,0,40000,0,1,0,100,0
8840,WF,0,40000,0,1,0,100,0
8860,FF,0,40000,0,1,0,100,0
8860,NF,0,40000,0,1,0,100,0
8860,BF,0,40000,0,1,0,100,0
8860,WF,0,40000,0,1,0,100,0
8880,FF,0,40000,0,1,0,100,0
8880,NF,0,40000,0,1,0,100,0
8880,BF,0,40000,0,1,0,100,0
8880,WF,0,40000,0,1,0,100,0
8900,FF,0,40000,0,1,0,100,0
8900,NF,0,40000,0,1,0,100,0
8900,BF,0,40000,0,1,0,100,0
8900,WF,0,40000,0,1,0,100,0
8920,FF,0,40000,0,1,0,100,0
8920,NF,0,40000,0,1,0,100,0
8920,BF,0,40000,0,1,0,100,0
8920,WF,0,40000,0,1,0,100,0
8940,FF,0,40000,0,1,0,100,0
8940,NF,0,40000,0,1,0,100,0
8940,BF,0,40000,0,1,0,100,0
8940,WF,0,40000,0,1,0,100,0
8960,FF,0,40000,0,1,0,100,0
8960,NF,0,40000,0,1,0,100,0
8960,BF,0,40000,0,1,0,100,0
8960,WF,0,40000,0,1,0,100,0
8980,FF,0,40000,0,1,0,100,0
8980,NF,0,40000,0,1,0,100,0
8980,BF,0,40000,0,1,0,100,0
8980,WF,0,40000,0,1,0,100,0
9000,FF,0,40000,0,1,0,100,0
9000,NF,0,40000,0,1,0,100,0
9000,BF,0,40000,0,1,0,100,0
9000,WF,0,40000,0,1,0,100,0
9020,FF,0,40000,0,1,0,100,0
9020,NF,0,40000,0,1,0,100,0
9020,BF,0,40000,0,1,0,100,0
9020,WF,0,40000,0,1,0,100,0
9040,FF,0,40000,0,1,0,100,0
9040,NF,0,40000,0,1,0,100,0
9040,BF,0,40000,0,1,0,100,0
9040,WF,0,40000,0,1,0,100,0
9060,FF,0,40000,0,1,0,100,0
9060,NF,0,40000,0,1,0,100,0
9060,BF,0,40000,0,1,0,100,0
9060,WF,0,40000,0,1,0,100,0
9080,FF,0,40000,0,1,0,100,0
9080,NF,0,40000,0,1,0,100,0
9080,BF,0,40000,0,1,0,100,0
9080,WF,0,40000,0,1,0,100,0
9100,FF,0,40000,0,1,0,100,0
9100,NF,0,40000,0,1,0,100,0
9100,BF,0,40000,0,1,0,100,0
9100,WF,0,40000,0,1,0,100,0
9120,FF,0,40000,0,1,0,100,0
9120,NF,0,40000,0,1,0,100,0
9120,BF,0,40000,0,1,0,100,0
9120,WF,0,40000,0,1,0,100,0
9140,FF,0,40000,0,1,0,100,0
9140,NF,0,40000,0,1,0,100,0
9140,BF,0,40000,0,1,0,100,0
9140,WF,0,40000,0,1,0,100,0
9160,FF,0,40000,0,1,0,100,0
9160,NF,0,40000,0,1,0,100,0
9160,BF,0,40000,0,1,0,100,0
9160,WF,0,40000,0,1,0,100,0
9180,FF,0,40000,0,1,0,100,0
9180,NF,0,40000,0,1,0,100,0
9180,BF,0,40000,0,1,0,100,0
9180,WF,0,40000,0,1,0,100,0
9200,FF,0,40000,0,1,0,100,0
9200,NF,0,40000,0,1,0,100,0
9200,BF,0,40000,0,1,0,100,0
9200,WF,0,40000,0,1,0,100,0
9220,FF,0,40000,0,1,0,100,0
9220,NF,0,40000,0,1,0,100,0
9220,BF,0,40000,0,1,0,100,0
9220,WF,0,40000,0,1,0,100,0
9240,FF,0,40000,0,1,0,100,0
9240,NF,0,40000,0,1,0,100,0
9240,BF,0,40000,0,1,0,100,0
9240,WF,0,40000,0,1,0,100,0
9260,FF,0,40000,0,1,0,100,0
9260,NF,0,40000,0,1,0,100,0
9260,BF,0,40000,0,1,0,100,0
9260,WF,0,40000,0,1,0,100,0
9280,FF,0,40000,0,1,0,100,0
9280,NF,0,40000,0,1,0,100,0
9280,BF,0,40000,0,1,0,100,0
9280,WF,0,40000,0,1,0,100,0
9300,FF,0,40000,0,1,0,100,0
9300,NF,0,40000,0,1,0,100,0
9300,BF,0,40000,0,1,0,100,0
9300,WF,0,40000,0,1,0,100,0
9320,FF,0,40000,0,1,0,100,0
9320,NF,0,40000,0,1,0,100,0
9320,BF,0,40000,0,1,0,100,0
9320,WF,0,40000,0,1,0,100,0
9340,FF,0,40000,0,1,0,100,0
9340,NF,0,40000,0,1,0,100,0
9340,BF,0,40000,0,1,0,100,0
9340,WF,0,40000,0,1,0,100,0
9360,FF,0,40000,0,1,0,100,0
9360,NF,0,40000,0,1,0,100,0
9360,BF,0,40000,0,1,0,100,0
9360,WF,0,40000,0,1,0,100,0
9380,FF,0,40000,0,1,0,100,0
9380,NF,0,40000,0,1,0,100,0
9380,BF,0,40000,0,1,0,100,0
9380,WF,0,40000,0,1,0,100,0
9400,FF,0,40000,0,1,0,100,0
9400,NF,0,40000,0,1,0,100,0
9400,BF,0,40000,0,1,0,100,0
9400,WF,0,40000,0,1,0,100,0
9420,FF,0,40000,0,1,0,100,0
9420,NF,0,40000,0,1,0,100,0
9420,BF,0,40000,0,1,0,100,0
9420,WF,0,40000,0,1,0,100,0
9440,FF,0,40000,0,1,0,100,0
9440,NF,0,40000,0,1,0,100,0
9440,BF,0,40000,0,1,0,100,0
9440,WF,0,40000,0,1,0,100,0
9460,FF,0,40000,0,1,0,100,0
9460,NF,0,40000,0,1,0,100,0
9460,BF,0,40000,0,1,0,100,0
9460,WF,0,40000,0,1,0,100,0
9480,FF,0,40000,0,1,0,100,0
9480,NF,0,40000,0,1,0,100,0
9480,BF,0,40000,0,1,0,100,0
9480,WF,0,40000,0,1,0,100,0
9500,FF,0,40000,0,1,0,100,0
9500,NF,0,40000,0,1,0,100,0
9500,BF,0,40000,0,1,0,100,0
9500,WF,0,40000,0,1,0,100,0
9520,FF,0,40000,0,1,0,100,0
9520,NF,0,40000,0,1,0,100,0
9520,BF,0,40000,0,1,0,100,0
9520,WF,0,40000,0,1,0,100,0
9540,FF,0,40000,0,1,0,100,0
9540,NF,0,40000,0,1,0,100,0
9540,BF,0,40000,0,1,0,100,0
9540,WF,0,40000,0,1,0,100,0
9560,FF,0,40000,0,1,0,100,0
9560,NF,0,40000,0,1,0,100,0
9560,BF,0,40000,0,1,0,100,0
9560,WF,0,40000,0,1,0,100,0
9580,FF,0,40000,0,1,0,100,0
9580,NF,0,40000,0,1,0,100,0
9580,BF,0,40000,0,1,0,100,0
9580,WF,0,40000,0,1,0,100,0
9600,FF,0,40000,0,1,0,100,0
9600,NF,0,40000,0,1,0,100,0
9600,BF,0,40000,0,1,0,100,0
9600,WF,0,40000,0,1,0,100,0
9620,FF,0,40000,0,1,0,100,0
9620,NF,0,40000,0,1,0,100,0
9620,BF,0,40000,0,1,0,100,0
9620,WF,0,40000,0,1,0,100,0
9640,FF,0,40000,0,1,0,100,0
9640,NF,0,40000,0,1,0,100,0
9640,BF,0,40000,0,1,0,100,0
9640,WF,0,40000,0,1,0,100,0
9660,FF,0,40000,0,1,0,100,0
9660,NF,0,40000,0,1,0,100,0
9660,BF,0,40000,0,1,0,100,0
9660,WF,0,40000,0,1,0,100,0
9680,FF,0,40000,0,1,0,100,0
9680,NF,0,40000,0,1,0,100,0
9680,BF,0,40000,0,1,0,100,0
9680,WF,0,40000,0,1,0,100,0
9700,FF,0,40000,0,1,0,100,0
9700,NF,0,40000,0,1,0,100,0
9700,BF,0,40000,0,1,0,100,0
9700,WF,0,40000,0,1,0,100,0
9720,FF,0,40000,0,1,0,100,0
9720,NF,0,40000,0,1,0,100,0
9720,BF,0,40000,0,1,0,100,0
9720,WF,0,40000,0,1,0,100,0
9740,FF,0,40000,0,1,0,100,0
9740,NF,0,40000,0,1,0,100,0
9740,BF,0,40000,0,1,0,100,0
9740,WF,0,40000,0,1,0,100,0
9760,FF,0,40000,0,1,0,100,0
9760,NF,0,40000,0,1,0,100,0
9760,BF,0,40000,0,1,0,100,0
9760,WF,0,40000,0,1,0,100,0
9780,FF,0,40000,0,1,0,100,0
9780,NF,0,40000,0,1,0,100,0
9780,BF,0,40000,0,1,0,100,0
9780,WF,0,40000,0,1,0,100,0
9800,FF,0,40000,0,1,0,100,0
9800,NF,0,40000,0,1,0,100,0
9800,BF,0,40000,0,1,0,100,0
9800,WF,0,40000,0,1,0,100,0
9820,FF,0,40000,0,1,0,100,0
9820,NF,0,40000,0,1,0,100,0
9820,BF,0,40000,0,1,0,100,0
9820,WF,0,40000,0,1,0,100,0
9840,FF,0,40000,0,1,0,100,0
9840,NF,0,40000,0,1,0,100,0
9840,BF,0,40000,0,1,0,100,0
9840,WF,0,40000,0,1,0,100,0
9860,FF,0,40000,0,1,0,100,0
9860,NF,0,40000,0,1,0,100,0
9860,BF,0,40000,0,1,0,100,0
9860,WF,0,40000,0,1,0,100,0
9880,FF,0,40000,0,1,0,100,0
9880,NF,0,40000,0,1,0,100,0
9880,BF,0,40000,0,1,0,100,0
9880,WF,0,40000,0,1,0,100,0
9900,FF,0,40000,0,1,0,100,0
9900,NF,0,40000,0,1,0,100,0
9900,BF,0,40000,0,1,0,100,0
9900,WF,0,40000,0,1,0,100,0
9920,FF,0,40000,0,1,0,100,0
9920,NF,0,40000,0,1,0,100,0
9920,BF,0,40000,0,1,0,100,0
9920,WF,0,40000,0,1,0,100,0
9940,FF,0,40000,0,1,0,100,0
9940,NF,0,40000,0,1,0,100,0
9940,BF,0,40000,0,1,0,100,0
9940,WF,0,40000,0,1,0,100,0
9960,FF,0,40000,0,1,0,100,0
9960,NF,0,40000,0,1,0,100,0
9960,BF,0,40000,0,1,0,100,0
9960,WF,0,40000,0,1,0,100,0
9980,FF,0,40000,0,1,0,100,0
9980,NF,0,40000,0,1,0,100,0
9980,BF,0,40000,0,1,0,100,0
9980,WF,0,40000,0,1,0,100,0
10000,FF,0,40000,0,1,0,100,0
10000,NF,0,40000,0,1,0,100,0
10000,BF,0,40000,0,1,0,100,0
10000,WF,0,40000,0,1,0,100,0
10020,FF,0,40000,0,1,0,100,0
10020,NF,0,40000,0,1,0,100,0
10020,BF,0,40000,0,1,0,100,0
10020,WF,0,40000,0,1,0,100,0
10040,FF,0,40000,0,1,0,100,0
10040,NF,0,40000,0,1,0,100,0
10040,BF,0,40000,0,1,0,100,0
10040,WF,0,40000,0,1,0,100,0
10060,FF,0,40000,0,1,0,100,0
10060,NF,0,40000,0,1,0,100,0
10060,BF,0,40000,0,1,0,100,0
10060,WF,0,40000,0,1,0,100,0
10080,FF,0,40000,0,1,0,100,0
10080,NF,0,40000,0,1,0,100,0
10080,BF,0,40000,0,1,0,100,0
10080,WF,0,40000,0,1,0,100,0
10100,FF,0,40000,0,1,0,100,0
10100,NF,0,40000,0,1,0,100,0
10100,BF,0,40000,0,1,0,100,0
10100,WF,0,40000,0,1,0,100,0
10120,FF,0,40000,0,1,0,100,0
10120,NF,0,40000,0,1,0,100,0
10120,BF,0,40000,0,1,0,100,0
10120,WF,0,40000,0,1,0,100,0
10140,FF,0,40000,0,1,0,100,0
10140,NF,0,40000,0,1,0,100,0
10140,BF,0,40000,0,1,0,100,0
10140,WF,0,40000,0,1,0,100,0
10160,FF,0,40000,0,1,0,100,0
10160,NF,0,40000,0,1,0,100,0
10160,BF,0,40000,0,1,0,100,0
10160,WF,0,40000,0,1,0,100,0
10180,FF,0,40000,0,1,0,100,0
10180,NF,0,40000,0,1,0,100,0
10180,BF,0,40000,0,1,0,100,0
10180,WF,0,40000,0,1,0,100,0
10200,FF,0,40000,0,1,0,100,0
10200,NF,0,40000,0,1,0,100,0
10200,BF,0,40000,0,1,0,100,0
10200,WF,0,40000,0,1,0,100,0
10220,FF,0,40000,0,1,0,100,0
10220,NF,0,40000,0,1,0,100,0
10220,BF,0,40000,0,1,0,100,0
10220,WF,0,40000,0,1,0,100,0
10240,FF,0,40000,0,1,0,100,0
10240,NF,0,40000,0,1,0,100,0
10240,BF,0,40000,0,1,0,100,0
10240,WF,0,40000,0,1,0,100,0
10260,FF,0,40000,0,1,0,100,0
10260,NF,0,40000,0,1,0,100,0
10260,BF,0,40000,0,1,0,100,0
10260,WF,0,40000,0,1,0,100,0
10280,FF,0,40000,0,1,0,100,0
10280,NF,0,40000,0,1,0,100,0
10280,BF,0,40000,0,1,0,100,0
10280,WF,0,40000,0,1,0,100,0
10300,FF,0,40000,0,1,0,100,0
10300,NF,0,40000,0,1,0,100,0
10300,BF,0,40000,0,1,0,100,0
10300,WF,0,40000,0,1,0,100,0
10320,FF,0,40000,0,1,0,100,0
10320,NF,0,40000,0,1,0,100,0
10320,BF,0,40000,0,1,0,100,0
10320,WF,0,40000,0,1,0,100,0
10340,FF,0,40000,0,1,0,100,0
10340,NF,0,40000,0,1,0,100,0
10340,BF,0,40000,0,1,0,100,0
10340,WF,0,40000,0,1,0,100,0
10360,FF,0,40000,0,1,0,100,0
10360,NF,0,40000,0,1,0,100,0
10360,BF,0,40000,0,1,0,100,0
10360,WF,0,40000,0,1,0,100,0
10380,FF,0,40000,0,1,0,100,0
10380,NF,0,40000,0,1,0,100,0
10380,BF,0,40000,0,1,0,100,0
10380,WF,0,40000,0,1,0,100,0
10400,FF,0,40000,0,1,0,100,0
10400,NF,0,40000,0,1,0,100,0
10400,BF,0,40000,0,1,0,100,0
10400,WF,0,40000,0,1,0,100,0
10420,FF,0,40000,0,1,0,100,0
10420,NF,0,40000,0,1,0,100,0
10420,BF,0,40000,0,1,0,100,0
10420,WF,0,40000,0,1,0,100,0
10440,FF,0,40000,0,1,0,100,0
10440,NF,0,40000,0,1,0,100,0
10440,BF,0,40000,0,1,0,100,0
10440,WF,0,40000,0,1,0,100,0
10460,FF,0,40000,0,1,0,100,0
10460,NF,0,40000,0,1,0,100,0
10460,BF,0,40000,0,1,0,100,0
10460,WF,0,40000,0,1,0,100,0
10480,FF,0,40000,0,1,0,100,0
10480,NF,0,40000,0,1,0,100,0
10480,BF,0,40000,0,1,0,100,0
10480,WF,0,40000,0,1,0,100,0
10500,FF,0,40000,0,1,0,100,0
10500,NF,0,40000,0,1,0,100,0
10500,BF,0,40000,0,1,0,100,0
10500,WF,0,40000,0,1,0,100,0
10520,FF,0,40000,0,1,0,100,0
10520,NF,0,40000,0,1,0,100,0
10520,BF,0,40000,0,1,0,100,0
10520,WF,0,40000,0,1,0,100,0
10540,FF,0,40000,0,1,0,100,0
10540,NF,0,40000,0,1,0,100,0
10540,BF,0,40000,0,1,0,100,0
10540,WF,0,40000,0,1,0,100,0
10560,FF,0,40000,0,1,0,100,0
10560,NF,0,40000,0,1,0,100,0
10560,BF,0,40000,0,1,0,100,0
10560,WF,0,40000,0,1,0,100,0
10580,FF,0,40000,0,1,0,100,0
10580,NF,0,40000,0,1,0,100,0
10580,BF,0,40000,0,1,0,100,0
10580,WF,0,40000,0,1,0,100,0
10600,FF,0,40000,0,1,0,100,0
10600,NF,0,40000,0,1,0,100,0
10600,BF,0,40000,0,1,0,100,0
10600,WF,0,40000,0,1,0,100,0
10620,FF,0,40000,0,1,0,100,0
10620,NF,0,40000,0,1,0,100,0
10620,BF,0,40000,0,1,0,100,0
10620,WF,0,40000,0,1,0,100,0
10640,FF,0,40000,0,1,0,100,0
10640,NF,0,40000,0,1,0,100,0
10640,BF,0,40000,0,1,0,100,0
10640,WF,0,40000,0,1,0,100,0
10660,FF,0,40000,0,1,0,100,0
10660,NF,0,40000,0,1,0,100,0
10660,BF,0,40000,0,1,0,100,0
10660,WF,0,40000,0,1,0,100,0
10680,FF,0,40000,0,1,0,100,0
10680,NF,0,40000,0,1,0,100,0
10680,BF,0,40000,0,1,0,100,0
10680,WF,0,40000,0,1,0,100,0
10700,FF,0,40000,0,1,0,100,0
10700,NF,0,40000,0,1,0,100,0
10700,BF,0,40000,0,1,0,100,0
10700,WF,0,40000,0,1,0,100,0
10720,FF,0,40000,0,1,0,100,0
10720,NF,0,40000,0,1,0,100,0
10720,BF,0,40000,0,1,0,100,0
10720,WF,0,40000,0,1,0,100,0
10740,FF,0,40000,0,1,0,100,0
10740,NF,0,40000,0,1,0,100,0
10740,BF,0,40000,0,1,0,100,0
10740,WF,0,40000,0,1,0,100,0
10760,FF,0,40000,0,1,0,100,0
10760,NF,0,40000,0,1,0,100,0
10760,BF,0,40000,0,1,0,100,0
10760,WF,0,40000,0,1,0,100,0
10780,FF,0,40000,0,1,0,100,0
10780,NF,0,40000,0,1,0,100,0
10780,BF,0,40000,0,1,0,100,0
10780,WF,0,40000,0,1,0,100,0
10800,FF,0,40000,0,1,0,100,0
10800,NF,0,40000,0,1,0,100,0
10800,BF,0,40000,0,1,0,100,0
10800,WF,0,40000,0,1,0,100,0
10820,FF,0,40000,0,1,0,100,0
10820,NF,0,40000,0,1,0,100,0
10820,BF,0,40000,0,1,0,100,0
10820,WF,0,40000,0,1,0,100,0
10840,FF,0,40000,0,1,0,100,0
10840,NF,0,40000,0,1,0,100,0
10840,BF,0,40000,0,1,0,100,0
10840,WF,0,40000,0,1,0,100,0
10860,FF,0,40000,0,1,0,100,0
10860,NF,0,40000,0,1,0,100,0
10860,BF,0,40000,0,1,0,100,0
10860,WF,0,40000,0,1,0,100,0
10880,FF,0,40000,0,1,0,100,0
10880,NF,0,40000,0,1,0,100,0
10880,BF,0,40000,0,1,0,100,0
10880,WF,0,40000,0,1,0,100,0
10900,FF,0,40000,0,1,0,100,0
10900,NF,0,40000,0,1,0,100,0
10900,BF,0,40000,0,1,0,100,0
10900,WF,0,40000,0,1,0,100,0
10920,FF,0,40000,0,1,0,100,0
10920,NF,0,40000,0,1,0,100,0
10920,BF,0,40000,0,1,0,100,0
10920,WF,0,40000,0,1,0,100,0
10940,FF,0,40000,0,1,0,100,0
10940,NF,0,40000,0,1,0,100,0
10940,BF,0,40000,0,1,0,100,0
10940,WF,0,40000,0,1,0,100,0
10960,FF,0,40000,0,1,0,100,0
10960,NF,0,40000,0,1,0,100,0
10960,BF,0,40000,0,1,0,100,0
10960,WF,0,40000,0,1,0,100,0
10980,FF,0,40000,0,1,0,100,0
10980,NF,0,40000,0,1,0,100,0
10980,BF,0,40000,0,1,0,100,0
10980,WF,0,40000,0,1,0,100,0
11000,FF,0,40000,0,1,0,100,0
11000,NF,0,40000,0,1,0,100,0
11000,BF,0,40000,0,1,0,100,0
11000,WF,0,40000,0,1,0,100,0
11020,FF,0,40000,0,1,0,100,0
11020,NF,0,40000,0,1,0,100,0
11020,BF,0,40000,0,1,0,100,0
11020,WF,0,40000,0,1,0,100,0
11040,FF,0,40000,0,1,0,100,0
11040,NF,0,40000,0,1,0,100,0
11040,BF,0,40000,0,1,0,100,0
11040,WF,0,40000,0,1,0,100,0
11060,FF,0,40000,0,1,0,100,0
11060,NF,0,40000,0,1,0,100,0
11060,BF,0,40000,0,1,0,100,0
11060,WF,0,40000,0,1,0,100,0
11080,FF,0,40000,0,1,0,100,0
11080,NF,0,40000,0,1,0,100,0
11080,BF,0,40000,0,1,0,100,0
11080,WF,0,40000,0,1,0,100,0
11100,FF,0,40000,0,1,0,100,0
11100,NF,0,40000,0,1,0,100,0
11100,BF,0,40000,0,1,0,100,0
11100,WF,0,40000,0,1,0,100,0
11120,FF,0,40000,0,1,0,100,0
11120,NF,0,40000,0,1,0,100,0
11120,BF,0,40000,0,1,0,100,0
11120,WF,0,40000,0,1,0,100,0
11140,FF,0,40000,0,1,0,100,0
11140,NF,0,40000,0,1,0,100,0
11140,BF,0,40000,0,1,0,100,0
11140,WF,0,40000,0,1,0,100,0
11160,FF,0,40000,0,1,0,100,0
11160,NF,0,40000,0,1,0,100,0
11160,BF,0,40000,0,1,0,100,0
11160,WF,0,40000,0,1,0,100,0
11180,FF,0,40000,0,1,0,100,0
11180,NF,0,40000,0,1,0,100,0
11180,BF,0,40000,0,1,0,100,0
11180,WF,0,40000,0,1,0,100,0
11200,FF,0,40000,0,1,0,100,0
11200,NF,0,40000,0,1,0,100,0
11200,BF,0,40000,0,1,0,100,0
11200,WF,0,40000,0,1,0,100,0
11220,FF,0,40000,0,1,0,100,0
11220,NF,0,40000,0,1,0,100,0
11220,BF,0,40000,0,1,0,100,0
11220,WF,0,40000,0,1,0,100,0
11240,FF,0,40000,0,1,0,100,0
11240,NF,0,40000,0,1,0,100,0
11240,BF,0,40000,0,1,0,100,0
11240,WF,0,40000,0,1,0,100,0
11260,FF,0,40000,0,1,0,100,0
11260,NF,0,40000,0,1,0,100,0
11260,BF,0,40000,0,1,0,100,0
11260,WF,0,40000,0,1,0,100,0
11280,FF,0,40000,0,1,0,100,0
11280,NF,0,40000,0,1,0,100,0
11280,BF,0,40000,0,1,0,100,0
11280,WF,0,40000,0,1,0,100,0
11300,FF,0,40000,0,1,0,100,0
11300,NF,0,40000,0,1,0,100,0
11300,BF,0,40000,0,1,0,100,0
11300,WF,0,40000,0,1,0,100,0
11320,FF,0,40000,0,1,0,100,0
11320,NF,0,40000,0,1,0,100,0
11320,BF,0,40000,0,1,0,100,0
11320,WF,0,40000,0,1,0,100,0
11340,FF,0,40000,0,1,0,100,0
11340,NF,0,40000,0,1,0,100,0
11340,BF,0,40000,0,1,0,100,0
11340,WF,0,40000,0,1,0,100,0
11360,FF,0,40000,0,1,0,100,0
11360,NF,0,40000,0,1,0,100,0
11360,BF,0,40000,0,1,0,100,0
11360,WF,0,40000,0,1,0,100,0
11380,FF,0,40000,0,1,0,100,0
11380,NF,0,40000,0,1,0,100,0
11380,BF,0,40000,0,1,0,100,0
11380,WF,0,40000,0,1,0,100,0
11400,FF,0,40000,0,1,0,100,0
11400,NF,0,40000,0,1,0,100,0
11400,BF,0,40000,0,1,0,100,0
11400,WF,0,40000,0,1,0,100,0
11420,FF,0,40000,0,1,0,100,0
11420,NF,0,40000,0,1,0,100,0
11420,BF,0,40000,0,1,0,100,0
11420,WF,0,40000,0,1,0,100,0
11440,FF,0,40000,0,1,0,100,0
11440,NF,0,40000,0,1,0,100,0
11440,BF,0,40000,0,1,0,100,0
11440,WF,0,40000,0,1,0,100,0
11460,FF,0,40000,0,1,0,100,0
11460,NF,0,40000,0,1,0,100,0
11460,BF,0,40000,0,1,0,100,0
11460,WF,0,40000,0,1,0,100,0
11480,FF,0,40000,0,1,0,100,0
11480,NF,0,40000,0,1,0,100,0
11480,BF,0,40000,0,1,0,100,0
11480,WF,0,40000,0,1,0,100,0
11500,FF,0,40000,0,1,0,100,0
11500,NF,0,40000,0,1,0,100,0
11500,BF,0,40000,0,1,0,100,0
11500,WF,0,40000,0,1,0,100,0
11520,FF,0,40000,0,1,0,100,0
11520,NF,0,40000,0,1,0,100,0
11520,BF,0,40000,0,1,0,100,0
11520,WF,0,40000,0,1,0,100,0
11540,FF,0,40000,0,1,0,100,0
11540,NF,0,40000,0,1,0,100,0
11540,BF,0,40000,0,1,0,100,0
11540,WF,0,40000,0,1,0,100,0
11560,FF,0,40000,0,1,0,100,0
11560,NF,0,40000,0,1,0,100,0
11560,BF,0,40000,0,1,0,100,0
11560,WF,0,40000,0,1,0,100,0
11580,FF,0,40000,0,1,0,100,0
11580,NF,0,40000,0,1,0,100,0
11580,BF,0,40000,0,1,0,100,0
11580,WF,0,40000,0,1,0,100,0
11600,FF,0,40000,0,1,0,100,0
11600,NF,0,40000,0,1,0,100,0
11600,BF,0,40000,0,1,0,100,0
11600,WF,0,40000,0,1,0,100,0
11620,FF,0,40000,0,1,0,100,0
11620,NF,0,40000,0,1,0,100,0
11620,BF,0,40000,0,1,0,100,0
11620,WF,0,40000,0,1,0,100,0
11640,FF,0,40000,0,1,0,100,0
11640,NF,0,40000,0,1,0,100,0
11640,BF,0,40000,0,1,0,100,0
11640,WF,0,40000,0,1,0,100,0
11660,FF,0,40000,0,1,0,100,0
11660,NF,0,40000,0,1,0,100,0
11660,BF,0,40000,0,1,0,100,0
11660,WF,0,40000,0,1,0,100,0
11680,FF,0,40000,0,1,0,100,0
11680,NF,0,40000,0,1,0,100,0
11680,BF,0,40000,0,1,0,100,0
11680,WF,0,40000,0,1,0,100,0
11700,FF,0,40000,0,1,0,100,0
11700,NF,0,40000,0,1,0,100,0
11700,BF,0,40000,0,1,0,100,0
11700,WF,0,40000,0,1,0,100,0
11720,FF,0,40000,0,1,0,100,0
11720,NF,0,40000,0,1,0,100,0
11720,BF,0,40000,0,1,0,100,0
11720,WF,0,40000,0,1,0,100,0
11740,FF,0,40000,0,1,0,100,0
11740,NF,0,40000,0,1,0,100,0
11740,BF,0,40000,0,1,0,100,0
11740,WF,0,40000,0,1,0,100,0
11760,FF,0,40000,0,1,0,100,0
11760,NF,0,40000,0,1,0,100,0
11760,BF,0,40000,0,1,0,100,0
11760,WF,0,40000,0,1,0,100,0
11780,FF,0,40000,0,1,0,100,0
11780,NF,0,40000,0,1,0,100,0
11780,BF,0,40000,0,1,0,100,0
11780,WF,0,40000,0,1,0,100,0
11800,FF,0,40000,0,1,0,100,0
11800,NF,0,40000,0,1,0,100,0
11800,BF,0,40000,0,1,0,100,0
11800,WF,0,40000,0,1,0,100,0
11820,FF,0,40000,0,1,0,100,0
11820,NF,0,40000,0,1,0,100,0
11820,BF,0,40000,0,1,0,100,0
11820,WF,0,40000,0,1,0,100,0
11840,FF,0,40000,0,1,0,100,0
11840,NF,0,40000,0,1,0,100,0
11840,BF,0,40000,0,1,0,100,0
11840,WF,0,40000,0,1,0,100,0
11860,FF,0,40000,0,1,0,100,0
11860,NF,0,40000,0,1,0,100,0
11860,BF,0,40000,0,1,0,100,0
11860,WF,0,40000,0,1,0,100,0
11880,FF,0,40000,0,1,0,100,0
11880,NF,0,40000,0,1,0,100,0
11880,BF,0,40000,0,1,0,100,0
11880,WF,0,40000,0,1,0,100,0
11900,FF,0,40000,0,1,0,100,0
11900,NF,0,40000,0,1,0,100,0
11900,BF,0,40000,0,1,0,100,0
11900,WF,0,40000,0,1,0,100,0
11920,FF,0,40000,0,1,0,100,0
11920,NF,0,40000,0,1,0,100,0
11920,BF,0,40000,0,1,0,100,0
11920,WF,0,40000,0,1,0,100,0
11940,FF,0,40000,0,1,0,100,0
11940,NF,0,40000,0,1,0,100,0
11940,BF,0,40000,0,1,0,100,0
11940,WF,0,40000,0,1,0,100,0
11960,FF,0,40000,0,1,0,100,0
11960,NF,0,40000,0,1,0,100,0
11960,BF,0,40000,0,1,0,100,0
11960,WF,0,40000,0,1,0,100,0
11980,FF,0,40000,0,1,0,100,0
11980,NF,0,40000,0,1,0,100,0
11980,BF,0,40000,0,1,0,100,0
11980,WF,0,40000,0,1,0,100,0
12000,FF,0,40000,0,1,0,100,0
12000,NF,0,40000,0,1,0,100,0
12000,BF,0,40000,0,1,0,100,0
12000,WF,0,40000,0,1,0,100,0
